"Analysis","Moderator","Variable","N","b_coefficient","SE","df","p_value","CI_lower","CI_upper"
"2way_sis","year","year_continuous",26,-0.006857,0.004386,11.4226,0.145251,-0.016467,0.002754
"2way_sis","country","country_binary",26,-0.206898,0.086683,11.8237,0.034615,-0.396077,-0.01772
"2way_sis","age_t1","age_t1",26,-0.00513,0.008097,1.7063,0.60064,-0.046396,0.036135
"2way_sis","age_t2","age_t2",26,0.001638,0.007246,3.6259,0.833308,-0.019325,0.022601
"2way_sis","t2_measure","t2_measure",26,-0.018262,0.083512,1.2141,0.857863,-0.725031,0.688507
"2way_sis","sample_risk","sample_risk_binary",26,0.071132,0.092859,7.4261,0.467307,-0.145915,0.28818
"2way_sis","prior_meta","prior_meta_binary",26,-0.118133,0.064228,4.7064,0.128895,-0.286382,0.050117
"2way_sis","assessment_interval","assessment_interval",26,0.000187,0.000608,3.6058,0.774767,-0.001576,0.00195
"2way_sis","published","published_binary",26,0.066049,0.099208,11.4612,0.518738,-0.151238,0.283336
"2way_od","year","year_continuous",13,-0.002113,0.004262,4.3614,0.643953,-0.01357,0.009343
"2way_od","country","country_binary",13,-0.093386,0.016793,4.6312,0.003288,-0.13761,-0.049163
"2way_od","age_t1","age_t1",13,0.005499,0.000856,1.4302,0.050275,-2.2e-05,0.011019
"2way_od","age_t2","age_t2",13,0.004289,0.008174,2.7708,0.638793,-0.022983,0.031562
"2way_od","sample_risk","sample_risk_binary",13,-0.051512,0.05028,3.5953,0.369512,-0.197533,0.094508
"2way_od","assessment_interval","assessment_interval",13,-0.000152,0.000956,3.0796,0.883395,-0.003149,0.002845
"2way_od","published","published_binary",13,0.061994,0.029854,4.4287,0.099684,-0.017824,0.141812
"3way","year","year_continuous",12,-0.014443,0.004623,2.7797,0.057924,-0.029837,0.00095
"3way","country","country_binary",12,-0.170527,0.110552,2.1282,0.255588,-0.619766,0.278711
"3way","age_t1","age_t1",12,-0.006641,0.006435,1.3612,0.450846,-0.051398,0.038115
"3way","age_t2","age_t2",12,0.007914,0.026162,1.3169,0.803081,-0.184127,0.199954
"3way","sample_risk","sample_risk_binary",12,0.015623,0.162807,3.87,0.928314,-0.442454,0.4737
"3way","assessment_interval","assessment_interval",12,0.00092,0.002459,1.5493,0.752985,-0.013231,0.015072
"3way","published","published_binary",12,0.224903,0.158082,3.8782,0.230032,-0.219496,0.669302
"4way","year","year_continuous",13,-0.00132,0.002125,3.7919,0.569965,-0.007351,0.004711
"4way","country","country_binary",13,-0.049169,0.014756,4.1679,0.027297,-0.089495,-0.008843
"4way","age_t1","age_t1",13,0.000587,0.000864,1.4478,0.589041,-0.004883,0.006057
"4way","age_t2","age_t2",13,0.002047,0.004634,3.16,0.687171,-0.012286,0.01638
"4way","sample_risk","sample_risk_binary",13,0.011433,0.032132,3.8297,0.740707,-0.079367,0.102233
"4way","assessment_interval","assessment_interval",13,0.000118,0.000383,3.4069,0.775501,-0.001022,0.001259
"4way","published","published_binary",13,0.023589,0.018436,4.5659,0.26189,-0.025191,0.072369
"ssp_only","year","year_continuous",24,-0.008196,0.005056,10.2162,0.135465,-0.01943,0.003038
"ssp_only","country","country_binary",24,-0.226257,0.104872,10.1024,0.056081,-0.459605,0.007091
"ssp_only","age_t1","age_t1",24,-0.006115,0.007751,1.5517,0.532648,-0.050636,0.038406
"ssp_only","age_t2","age_t2",24,0.008869,0.00956,4.6884,0.398808,-0.016205,0.033942
"ssp_only","sample_risk","sample_risk_binary",24,0.073307,0.096773,7.6615,0.471391,-0.151579,0.298194
"ssp_only","prior_meta","prior_meta_binary",24,-0.120579,0.070936,2.8276,0.193259,-0.354321,0.113163
"ssp_only","assessment_interval","assessment_interval",24,0.000876,0.00081,4.8893,0.329695,-0.001219,0.002971
"ssp_only","published","published_binary",24,0.064183,0.102805,11.6997,0.544402,-0.16045,0.288816
"aqs_only","year","year_continuous",2,0.008169,0,NA,NA,NA,NA
"aqs_only","age_t1","age_t1",2,0.010892,0,NA,NA,NA,NA
"aqs_only","age_t2","age_t2",2,-0.010892,0,NA,NA,NA,NA
"aqs_only","prior_meta","prior_meta_binary",2,-0.130709,0,NA,NA,NA,NA
"aqs_only","assessment_interval","assessment_interval",2,-0.000838,0,NA,NA,NA,NA
