"Moderator","Variable","N","b_coefficient","SE","df","p_value","CI_lower","CI_upper"
"year","year_continuous",26,-0.006857,0.004386,11.4226,0.145251,-0.016467,0.002754
"country","country_binary",26,-0.206898,0.086683,11.8237,0.034615,-0.396077,-0.01772
"age_t1","age_t1",26,-0.00513,0.008097,1.7063,0.60064,-0.046396,0.036135
"age_t2","age_t2",26,0.001638,0.007246,3.6259,0.833308,-0.019325,0.022601
"t2_measure","t2_measure",26,-0.018262,0.083512,1.2141,0.857863,-0.725031,0.688507
"sample_risk","sample_risk_binary",26,0.071132,0.092859,7.4261,0.467307,-0.145915,0.28818
"prior_meta","prior_meta_binary",26,-0.118133,0.064228,4.7064,0.128895,-0.286382,0.050117
"assessment_interval","assessment_interval",26,0.000187,0.000608,3.6058,0.774767,-0.001576,0.00195
"published","published_binary",26,0.050235,0.094166,12.3451,0.603179,-0.154301,0.254771
